username,name,group
Harry_Grace,Harry Grace,–ó–∞–≥—Ä–æ–±–Ω–∞—è –∂–∏–∑–Ω—å –ü–∞–Ω–∫–∞
Dashkapipat,–î—à–∫,–ó–∞–≥—Ä–æ–±–Ω–∞—è –∂–∏–∑–Ω—å –ü–∞–Ω–∫–∞
kanofan1,Vlad,–ó–∞–≥—Ä–æ–±–Ω–∞—è –∂–∏–∑–Ω—å –ü–∞–Ω–∫–∞
dksenya03,"–ö—Å—é—à–∞ –ü—Ä–µ–∫—Ä–∞—Å–Ω—ã–π —á–µ–ª–æ–≤–µ–∫, –∂–µ–Ω–∞ –ú–∞—Ç–≤–µ—è",–ó–∞–≥—Ä–æ–±–Ω–∞—è –∂–∏–∑–Ω—å –ü–∞–Ω–∫–∞
shjs_s,–õ—ã—Å—ã–π –ö—Ä–æ—Ç –õ–æ—Ö –ò –í–æ–Ω—é—á–∫–∞ –í –¢—É–∞–ª–µ—Ç–Ω—ã—Ö –ü–æ–º–æ—è—Ö,–ó–∞–≥—Ä–æ–±–Ω–∞—è –∂–∏–∑–Ω—å –ü–∞–Ω–∫–∞
zhestcotenochekprosnylsyazloy,CocaInCola,–ó–∞–≥—Ä–æ–±–Ω–∞—è –∂–∏–∑–Ω—å –ü–∞–Ω–∫–∞
Hersonesik,–ú–∞—Ç–≤–µ–π,–ó–∞–≥—Ä–æ–±–Ω–∞—è –∂–∏–∑–Ω—å –ü–∞–Ω–∫–∞
olympia_de_gouges,ùíúùìÅùìéùí∂ü§é,–ó–∞–≥—Ä–æ–±–Ω–∞—è –∂–∏–∑–Ω—å –ü–∞–Ω–∫–∞
nineteen_terapies,–£–ª—å—è–Ω–∞,–ó–∞–≥—Ä–æ–±–Ω–∞—è –∂–∏–∑–Ω—å –ü–∞–Ω–∫–∞
